{   "parameters": {
        "unitsBuildV": "V^{0}",
        "unitsUpperLimitV": "V^{U}",
        "unitsLowerLimitV": "V^{L}",
        "lifeTime": "\\lambda",
        "activityLowerLimit": "A^{L}",
        "activityUpperLimit": "A^{U}",
        "activityRampLimit": "A^{\\delta}",
        "startupLimit": "A^{Lim}",
        "minUptimeV": "\\iota^{V}",
        "minDowntimeV": "\\kappa^{V}",
        "coefficient": "\\alpha",
        "constantV": "\\beta",
        "minLoad": "\\mu",
        "maxLoad": "\\nu",
        "fixedQ": "Q^{F}",
        "lowerQ": "Q^{L}",
        "upperQ": "Q^{U}",
        "constantB": "\\beta",
        "levelLowerLimitS": "L^{L}",
        "levelUpperLimitS": "L^{U}",
        "annualDegradationS": "\\gamma",
        "maxCRate": "\\Psi",
        "maxERate": "X",
        "cRate": "\\psi",
        "eRate": "\\chi",
        "chargingLoss": "\\phi",
        "dischargingLoss": "\\upsilon",
        "unitsBuildS": "S^{0}",
        "unitsUpperLimitS": "S^{U}",
        "unitsLowerLimitS": "S^{L}",
        "size": "\\omega",
        "selfdischarge": "\\rho",
        "selfdischargeAbs": "\\varrho",
        "remainingCapacity": "\\sigma",
        "maxFullCycles": "\\zeta",
        "fixedV": "A^{F}",
        "lowerV": "A^{L}",
        "upperV": "A^{U}",
        "fixedS": "L^{F}",
        "lowerS": "L^{L}",
        "upperS": "L^{U}",
        "SoC": "\\xi",
        "flowLowerLimit": "F^{L}",
        "flowUpperLimit": "F^{U}",
        "flowUnidirectional": "unidirectional",
        "coefPerFlow": "\\mu",
        "coefPerDistance": "\\tau",
        "distance": "\\pi",
        "linesBuild": "E^{0}",
        "linesLowerLimit": "E^{L}",
        "linesUpperLimit": "E^{U}",
        "against": "F^{-U}",
        "along": "F^{+U}",
        "flowAgainstLimit": "F^{-U}",
        "flowAlongLimit": "F^{+U}",
        "linesDelta": "E^{\\delta}",
        "circuits": "E^{C\\star}",
        "perUnitBuild": "\\epsilon",
        "perUnitDecom": "\\theta",
        "perUnitTotal": "\\eta",
        "perLineBuild": "\\epsilon",
        "perLineDecom": "\\theta",
        "perLineTotal": "\\eta",
        "perDistanceBuild": "\\varepsilon",
        "perDistanceDecom": "\\vartheta",
        "perDistanceTotal": "h",
        "amorTime": "k",
        "interest": "i",
        "perActivity": "\\upsilon",
        "perFlow": "j",
        "perFlowAlong": "k",
        "perFlowAgainst": "m",
        "perRamp": "\\delta",
        "perRampPos": "\\delta^{+}",
        "perRampNeg": "\\delta^{-}",
        "fixedValueI": "I^{F}",
        "lowerValueI": "I^{L}",
        "upperValueI": "I^{U}",
        "fixedValueJ": "J^{F}",
        "lowerValueJ": "J^{L}",
        "upperValueJ": "J^{U}",
        "discountI": "b",
        "endyear": "u",
        "perStartup": "h"
    },
    "modules": {
        "converter": "V",
        "storage": "S",
        "transport": "E",
        "sourcesink": "Q",
        "balance": "B",
        "accounting": "I"
    }
}