{
    "colors": {
        "parameters": "black",
        "sets": "black",
        "variables": "black"
    },
    "columnSetting": "{| l | l | X |}",
    "extraSymbols": [],
    "fontSize": 11,
    "hrules": true,
    "landscape": false,
    "latexDescription": false,
    "nameMap": {
        "*": "*",
        "accNodesModel": "m",
        "accNodesModel_a": "m",
        "accounting_annuityFactor_converter": "R",
        "accounting_annuityFactor_storage": "R",
        "accounting_annuityFactor_transportDistance": "R",
        "accounting_annuityFactor_transportLines": "R",
        "accounting_converterActivity": "Parameter\\_I",
        "accounting_converterStartup": "Parameter\\_I",
        "accounting_converterUnits": "Parameter\\_I",
        "accounting_indicator": "I",
        "accounting_indicator_links": "J",
        "accounting_indicatorBounds": "Parameter\\_I",
        "accounting_indicatorBounds_links": "Parameter\\_I",
        "accounting_objective": "C",
        "accounting_sourcesinkFlow": "Parameter\\_I",
        "accounting_storageUnits": "Parameter\\_I",
        "accounting_transportDistance": "Parameter\\_I",
        "accounting_transportLines": "Parameter\\_I",
        "accYears": "y",
        "accYears_a": "y",
        "accYearsSel": "z",
        "act": "a",
        "activeIndicators": "Active",
        "activeIndicators_links": "Active",
        "activity": "a",
        "balance_usedBalance": "Active",
        "commodity": "c",
        "compoundIndicators": "H",
        "converter_activity": "A",
        "converter_activityProfile": "V^{B}",
        "converter_activityRequirements": "V^{R}",
        "converter_availTech": "Active",
        "converter_capacityParam": "Parameter\\_V",
        "converter_coefficient": "Parameter\\_B",
        "converter_coefficientProfile": "\\alpha",
        "converter_decomTech": "converter_decomTech",
        "converter_hasConstantFluxInActivity": "hasConstantFluxInActivity",
        "converter_hasMaxLoad": "hasMaxLoad",
        "converter_hasMinLoad": "hasMinLoad",
        "converter_rampNeg": "A^{-\\delta}",
        "converter_rampPos": "A^{+\\delta}",
        "converter_techParam": "Parameter\\_V",
        "converter_techs": "q",
        "converter_unitBoundsFixed": "FixedBounds",
        "converter_unitsBuild": "V^{B}",
        "converter_unitsDecom": "V^{D}",
        "converter_unitShutdowns": "A^{S}",
        "converter_unitsOnline": "V^{O}",
        "converter_unitsOnline_MIP": "V^{O\\star}",
        "converter_unitStartups": "A^{R}",
        "converter_unitsTotal": "V^{T}",
        "converter_unitsTotal_MIP": "V^{T\\star}",
        "converter_unitsUsingActivity_MIP": "V^{A\\star}",
        "converter_usedAct": "usedActivity",
        "converter_usedTech": "Active",
        "converter_usedTechAct": "usedActivityTech",
        "converter_useRampNeg": "useRampNeg",
        "converter_useRampPos": "useRampPos",
        "cycles": "cyc",
        "dc_states": "g",
        "degradation_states": "g",
        "degradation_states_a": "g",
        "degradation_states_b": "g",
        "distanceType": "d",
        "downtimeSearchRange": "downtimeSearchRange",
        "Eq_accounting_indicatorCalc": "Eq_accounting_indicatorCalc",
        "Eq_accounting_indicatorCalc_links": "Eq_accounting_indicatorCalc_links",
        "Eq_accounting_objective": "Eq_accounting_objective",
        "Eq_balance_commodities": "Eq_balance_commodities",
        "Eq_converter_activityFixedLimit": "Eq_converter_activityFixedLimit",
        "Eq_converter_activityLowerLimit": "Eq_converter_activityLowerLimit",
        "Eq_converter_activityLowerLimitDetailedPartLoadMinReq": "Eq_converter_activityLowerLimitDetailedPartLoadMinReq",
        "Eq_converter_activityLowerLimitPartLoad": "Eq_converter_activityLowerLimitPartLoad",
        "Eq_converter_activityModeLimit": "Eq_converter_activityModeLimit",
        "Eq_converter_activityShutdowns": "Eq_converter_activityShutdowns",
        "Eq_converter_activityStartups": "Eq_converter_activityStartups",
        "Eq_converter_activityUpperLimit": "Eq_converter_activityUpperLimit",
        "Eq_converter_activityUpperLimitDetailedPartLoadMaxReq": "Eq_converter_activityUpperLimitDetailedPartLoadMaxReq",
        "Eq_converter_activityUpperLimitDetailedPartLoadMinReq": "Eq_converter_activityUpperLimitDetailedPartLoadMinReq",
        "Eq_converter_activityUpperLimitPartLoad": "Eq_converter_activityUpperLimitPartLoad",
        "Eq_converter_limitStartups": "Eq_converter_limitStartups",
        "Eq_converter_minDowntime": "Eq_converter_minDowntime",
        "Eq_converter_minUptime": "Eq_converter_minUptime",
        "Eq_converter_noOnlineIdle": "Eq_converter_noOnlineIdle",
        "Eq_converter_noOnlineIdleDetailedPartLoad": "Eq_converter_noOnlineIdleDetailedPartLoad",
        "Eq_converter_rampLimit": "Eq_converter_rampLimit",
        "Eq_converter_rampNeg": "Eq_converter_rampNeg",
        "Eq_converter_rampPos": "Eq_converter_rampPos",
        "Eq_converter_unitsBalance": "Eq_converter_unitsBalance",
        "Eq_converter_unitsFixedDecom": "Eq_converter_unitsFixedDecom",
        "Eq_converter_unitsFixedLimit": "Eq_converter_unitsFixedLimit",
        "Eq_converter_unitsFreeDecom": "Eq_converter_unitsFreeDecom",
        "Eq_converter_unitsLowerLimit": "Eq_converter_unitsLowerLimit",
        "Eq_converter_unitsOnline": "Eq_converter_unitsOnline",
        "Eq_converter_unitsOnlineMIP": "Eq_converter_unitsOnlineMIP",
        "Eq_converter_unitsOnlineUC": "Eq_converter_unitsOnlineUC",
        "Eq_converter_unitsTotalMIP": "Eq_converter_unitsTotalMIP",
        "Eq_converter_unitsUpperLimit": "Eq_converter_unitsUpperLimit",
        "Eq_sourcesink_useFixedSum": "Eq_sourcesink_useFixedSum",
        "Eq_sourcesink_useLowerSum": "Eq_sourcesink_useLowerSum",
        "Eq_sourcesink_useUpperSum": "Eq_sourcesink_useUpperSum",
        "Eq_storage_charge": "Eq_storage_charge",
        "Eq_storage_chargeBasedDegradationDistribution": "Eq_storage_chargeBasedDegradationDistribution",
        "Eq_storage_chargingPerAge": "Eq_storage_chargingPerAge",
        "Eq_storage_cRateLimit": "Eq_storage_cRateLimit",
        "Eq_storage_discharge": "Eq_storage_discharge",
        "Eq_storage_eRateLimit": "Eq_storage_eRateLimit",
        "Eq_storage_levelLowerLimit": "Eq_storage_levelLowerLimit",
        "Eq_storage_levelSoC": "Eq_storage_levelSoC",
        "Eq_storage_levelStateSum": "Eq_storage_levelStateSum",
        "Eq_storage_levelUpperLimit": "Eq_storage_levelUpperLimit",
        "Eq_storage_levelUpperLimit_degradation": "Eq_storage_levelUpperLimit_degradation",
        "Eq_storage_levelUpperLimitPerAge": "Eq_storage_levelUpperLimitPerAge",
        "Eq_storage_losses": "Eq_storage_losses",
        "Eq_storage_unitsBalance": "Eq_storage_unitsBalance",
        "Eq_storage_unitsBalanceStates": "Eq_storage_unitsBalanceStates",
        "Eq_storage_unitsDecomStateSum": "Eq_storage_unitsDecomStateSum",
        "Eq_storage_unitsDegradation": "Eq_storage_unitsDegradation",
        "Eq_storage_unitsDegradation_onlyOneRange": "Eq_storage_unitsDegradation_onlyOneRange",
        "Eq_storage_unitsFixedDecom": "Eq_storage_unitsFixedDecom",
        "Eq_storage_unitsFreeDecom": "Eq_storage_unitsFreeDecom",
        "Eq_storage_unitsLowerLimit": "Eq_storage_unitsLowerLimit",
        "Eq_storage_unitsSoC": "Eq_storage_unitsSoC",
        "Eq_storage_unitsSoC_onlyOneRange": "Eq_storage_unitsSoC_onlyOneRange",
        "Eq_storage_unitsSoC_sum": "Eq_storage_unitsSoC_sum",
        "Eq_storage_unitsStatesNoRecovery": "Eq_storage_unitsStatesNoRecovery",
        "Eq_storage_unitsTotalMIP": "Eq_storage_unitsTotalMIP",
        "Eq_storage_unitsUpperLimit": "Eq_storage_unitsUpperLimit",
        "Eq_storage_unitsUpperLimitPerState": "Eq_storage_unitsUpperLimitPerState",
        "Eq_transport_dcopf_angleFlows": "Eq_transport_dcopf_angleFlows",
        "Eq_transport_dcopf_cycleFlows": "Eq_transport_dcopf_cycleFlows",
        "Eq_transport_flowAgainstUpperLimit": "Eq_transport_flowAgainstUpperLimit",
        "Eq_transport_flowAlongUpperLimit": "Eq_transport_flowAlongUpperLimit",
        "Eq_transport_linesBalance": "Eq_transport_linesBalance",
        "Eq_transport_linesFixedDecom": "Eq_transport_linesFixedDecom",
        "Eq_transport_linesFreeDecom": "Eq_transport_linesFreeDecom",
        "Eq_transport_linesLowerLimit": "Eq_transport_linesLowerLimit",
        "Eq_transport_linesTotalMIP": "Eq_transport_linesTotalMIP",
        "Eq_transport_linesUpperLimit": "Eq_transport_linesUpperLimit",
        "gridSegments": "k",
        "indicator": "i",
        "indicator_a": "i",
        "linksModel": "l",
        "linksModelToCalc": "l",
        "nodesModel": "n",
        "nodesModelSel": "n",
        "pc_accounting_converterActivity": "pc_accounting_converterActivity",
        "pc_accounting_converterStartup": "pc_accounting_converterStartup",
        "pc_accounting_converterUnits": "pc_accounting_converterUnits",
        "pc_accounting_indicatorBounds": "pc_accounting_indicatorBounds",
        "pc_accounting_sourcesinkFlow": "pc_accounting_sourcesinkFlow",
        "pc_accounting_storageUnits": "pc_accounting_storageUnits",
        "pc_accounting_transportDistance": "pc_accounting_transportDistance",
        "pc_accounting_transportLines": "pc_accounting_transportLines",
        "pc_converter_activityProfile": "pc\\_conv\\_activityProfile",
        "pc_converter_activityRequirements": "pc\\_conv\\_activityRequirements",
        "pc_converter_capacityParam": "pc\\_conv\\_capacityParam",
        "pc_converter_coefficient": "pc_converter_coefficient",
        "pc_converter_techParam": "pc\\_conv\\_techParam",
        "pc_sourcesink_annualSum": "pc_sourcesink_annualSum",
        "pc_sourcesink_config": "pc_sourcesink_config",
        "pc_storage_degradationParam": "pc_storage_degradationParam",
        "pc_storage_levelProfile": "pc\\_stor\\_levelProfile",
        "pc_storage_reservoirParam": "pc\\_stor\\_reservoirParam",
        "pc_storage_sizeParam": "pc\\_stor\\_sizeParam",
        "pc_storage_SoCParam": "pc_storage_SoCParam",
        "pc_storage_techParam": "pc\\_stor\\_techParam",
        "pc_transport_coefficient": "pc_transport_coefficient",
        "pc_transport_coefPerDistance": "pc_transport_coefPerDistance",
        "pc_transport_coefPerFlow": "pc_transport_coefPerFlow",
        "pc_transport_distanceParam": "pc_transport_distanceParam",
        "pc_transport_flowProfile": "pc_transport_flowProfile",
        "pc_transport_linesParam": "pc\\_tran\\_linesParam",
        "pc_transport_techParam": "pc\\_tran\\_techParam",
        "prev_years": "y",
        "representedYears": "representedYears",
        "SameAs": "SameAs",
        "soc_states": "e",
        "soc_states_a": "e",
        "soc_states_b": "e",
        "soc_statesIn": "e",
        "sourcesink_annualSum": "Parameter\\_Q",
        "sourcesink_config": "Parameter\\_Q",
        "sourcesink_enabled": "Active",
        "sourcesink_flow": "Q",
        "sourcesink_techs": "o",
        "storage_availTech": "Active",
        "storage_bigM": "M",
        "storage_charge": "L^{+}",
        "storage_chargePerAge": "L^{H}",
        "storage_decomTech": "storage_decomTech",
        "storage_degradationParam": "Parameter\\_S",
        "storage_discharge": "L^{-}",
        "storage_hasDegradation": "hasDegradation",
        "storage_level": "L",
        "storage_levelPerAge": "L^{G}",
        "storage_levelProfile": "Parameter\\_S",
        "storage_losses": "L^{!}",
        "storage_reservoirParam": "Parameter\\_S",
        "storage_sizeParam": "Parameter\\_S",
        "storage_socparam": "Parameter\\_S",
        "storage_techParam": "Parameter\\_S",
        "storage_techs": "s",
        "storage_unitBoundsFixed": "unitBoundsFixed",
        "storage_unitsBuild": "S^{B}",
        "storage_unitsDecom": "S^{D}",
        "storage_unitsSoC": "S^{X}",
        "storage_unitsSoC_activeRange": "S^{Y}",
        "storage_unitsStateTracker": "K",
        "storage_unitsStateTracker_activeRange": "O",
        "storage_unitsStateTrackerDecom": "N",
        "storage_unitsTotal": "S^{T}",
        "storage_unitsTotal_MIP": "S^{T\\star}",
        "storage_usedDegradation": "usedDegradation",
        "storage_usedTech": "Active",
        "storage_usedTechCom": "usedTechCom",
        "storage_usedTechSoCState": "usedTechSoCState",
        "storage_validSoCRange": "validSoCRange",
        "techs": "p",
        "timeModel": "t",
        "timeModelSel": "t",
        "timeModelToCalc": "t",
        "transport_availTech": "Active",
        "transport_Cmat": "Cmat",
        "transport_coefficient": "Parameter\\_E",
        "transport_coefPerDistance": "Parameter\\_E",
        "transport_coefPerFlow": "Parameter\\_E",
        "transport_dcopf_voltageAngle": "D",
        "transport_dcopf_Xtech": "tran\\_dcopf\\_Xtech",
        "transport_decomTech": "transport_decomTech",
        "transport_distanceParam": "Parameter\\_E",
        "transport_flowAgainst": "F^{-}",
        "transport_flowAlong": "F^{+}",
        "transport_flowProfile": "F",
        "transport_incidenceModel": "incidenceModel",
        "transport_lineBoundsFixed": "lineBoundsFixed",
        "transport_linesBuild": "E^{B}",
        "transport_linesDecom": "E^{D}",
        "transport_linesParam": "Parameter\\_E",
        "transport_linesTotal": "E^{T}",
        "transport_linesTotal_MIP": "E^{T\\star}",
        "transport_techParam": "Parameter\\_E",
        "transport_techs": "r",
        "transport_usedOpf": "usedOpf",
        "transport_usedOpfLines": "usedOpfLines",
        "transport_usedOpfSegments": "usedOpfSegments",
        "transport_usedTech": "Active",
        "ttc": "t",
        "uptimeSearchRange": "uptimeSearchRange",
        "variableIndicators": "variable",
        "vintage": "v",
        "years": "y",
        "years_a": "y",
        "years_aa": "y",
        "yearsCom": "x",
        "yearsSel": "z",
        "yearsToCalc": "w",
        "yearsToCalc_a": "yearsToCalc_a"
    },
    "noPowerFunc": false,
    "notes": [],
    "reduceFrac": false,
    "reduceFracRatio": 5.0
}