indicator,accNodesData,converter_techs,vintage,activity,perActivity
CO2_emission,global,BIO,1950,Powergen,0.49170240000000004
CO2_emission,global,BIO,2030,Powergen,0.4689216
CO2_emission,global,CCGT,1950,Powergen,0.3475584
CO2_emission,global,CCGT,2030,Powergen,0.3304224
CO2_emission,global,COAL,1950,Powergen,0.3475584
CO2_emission,global,COAL,2030,Powergen,0.3304224
CO2_emission,global,DIE,1950,Powergen,0.49170240000000004
CO2_emission,global,DIE,2030,Powergen,0.4689216
CO2_emission,global,GT,1950,Powergen,0.49170240000000004
CO2_emission,global,GT,2030,Powergen,0.4689216
CO2_emission,global,OCGT,1950,Powergen,0.42940799999999996
CO2_emission,global,OCGT,2030,Powergen,0.42940799999999996
FuelCost,global,BIO,1950,Powergen,0.49170240000000004
FuelCost,global,BIO,2030,Powergen,0.4689216
FuelCost,global,CCGT,1950,Powergen,0.3475584
FuelCost,global,CCGT,2030,Powergen,0.3304224
FuelCost,global,COAL,1950,Powergen,0.3475584
FuelCost,global,COAL,2030,Powergen,0.3304224
FuelCost,global,DIE,1950,Powergen,0.49170240000000004
FuelCost,global,DIE,2030,Powergen,0.4689216
FuelCost,global,GT,1950,Powergen,0.49170240000000004
FuelCost,global,GT,2030,Powergen,0.4689216
FuelCost,global,OCGT,1950,Powergen,0.42940799999999996
FuelCost,global,OCGT,2030,Powergen,0.42940799999999996
